time_ms,cpu_usage,workers_active
11,0.00,0
22,0.00,0
32,10.00,1
43,10.00,1
53,20.00,2
64,20.00,2
74,30.00,3
84,30.00,3
95,40.00,4
107,40.00,4
119,75.00,5
131,75.00,5
143,85.00,6
155,85.00,6
165,95.00,7
177,95.00,7
190,100.00,8
202,100.00,8
215,100.00,8
227,100.00,8
240,100.00,8
252,100.00,8
265,100.00,8
277,100.00,8
290,100.00,8
302,100.00,8
315,100.00,8
327,100.00,8
340,100.00,8
352,100.00,8
365,100.00,8
378,100.00,8
390,100.00,8
403,100.00,8
415,100.00,8
428,100.00,8
440,100.00,8
452,100.00,8
464,100.00,8
474,100.00,8
487,100.00,8
499,100.00,8
511,100.00,8
522,100.00,8
533,100.00,8
545,80.00,8
558,80.00,8
570,80.00,8
581,80.00,8
594,80.00,8
607,80.00,8
618,80.00,8
631,80.00,8
644,80.00,8
655,80.00,8
668,80.00,8
679,80.00,8
692,80.00,8
703,100.00,8
714,100.00,8
724,100.00,8
737,100.00,8
749,100.00,8
762,100.00,8
774,100.00,8
787,100.00,8
799,100.00,8
812,100.00,8
822,100.00,8
835,100.00,8
847,100.00,8
860,100.00,8
872,100.00,8
885,100.00,8
897,100.00,8
909,100.00,8
922,100.00,8
934,100.00,8
947,100.00,8
957,100.00,8
970,100.00,8
980,100.00,8
991,100.00,8
1004,100.00,8
1016,100.00,8
1029,100.00,8
1041,100.00,8
1054,100.00,8
1066,100.00,8
1078,100.00,8
1090,100.00,8
1102,100.00,8
1115,100.00,8
1125,100.00,8
1138,100.00,8
1149,100.00,8
1161,100.00,8
1174,100.00,8
1186,100.00,8
1199,100.00,8
1211,100.00,8
1224,100.00,8
1236,100.00,8
1249,100.00,8
1261,100.00,8
1273,100.00,8
1284,100.00,8
1295,100.00,8
1308,100.00,8
1320,100.00,8
1332,100.00,8
1345,100.00,8
1357,100.00,8
1369,100.00,8
1382,100.00,8
1394,100.00,8
1404,100.00,8
1415,100.00,8
1428,100.00,8
1440,100.00,8
1453,100.00,8
1465,100.00,8
1477,100.00,8
1490,100.00,8
1501,100.00,8
1514,100.00,8
1525,100.00,8
1536,100.00,8
1549,100.00,8
1561,100.00,8
1574,100.00,8
1587,100.00,8
1599,100.00,8
1611,100.00,8
1623,100.00,8
1636,100.00,8
1648,100.00,8
1660,100.00,8
1673,100.00,8
1683,100.00,8
1695,100.00,8
1708,100.00,8
1720,100.00,8
1732,100.00,8
1744,100.00,8
1757,100.00,8
1769,100.00,8
1782,100.00,8
1792,100.00,8
1805,100.00,8
1817,100.00,8
1830,100.00,8
1842,100.00,8
1853,100.00,8
1866,100.00,8
1878,100.00,8
1890,100.00,8
1901,100.00,8
1913,100.00,8
1925,100.00,8
1937,100.00,8
1948,100.00,8
1959,100.00,8
1972,100.00,8
1983,100.00,8
1995,100.00,8
2007,100.00,8
2019,100.00,8
2031,100.00,8
2044,100.00,8
2056,100.00,8
2068,100.00,8
2081,100.00,8
2093,100.00,8
2106,100.00,8
2119,100.00,8
2130,100.00,8
2143,100.00,8
2155,100.00,8
2166,100.00,8
2179,100.00,8
2191,100.00,8
2203,100.00,8
2216,100.00,8
2228,100.00,8
2241,100.00,8
2254,100.00,8
2266,100.00,8
2279,100.00,8
2291,100.00,8
2304,100.00,8
2316,100.00,8
2329,100.00,8
2341,100.00,8
2353,100.00,8
2366,100.00,8
2378,100.00,8
2391,100.00,8
2402,100.00,8
2415,100.00,8
2426,100.00,8
2437,100.00,8
2448,100.00,8
2460,100.00,8
2472,100.00,8
2484,100.00,8
2495,100.00,8
2507,100.00,8
2519,100.00,8
2532,100.00,8
2544,100.00,8
2557,100.00,8
2569,100.00,8
2581,100.00,8
2594,100.00,8
2607,100.00,8
2619,100.00,8
2631,100.00,8
2643,100.00,8
2656,100.00,8
2669,100.00,8
2679,100.00,8
2691,100.00,8
2703,100.00,8
2715,100.00,8
2728,100.00,8
2740,100.00,8
2751,100.00,8
2761,100.00,8
2774,100.00,8
2787,100.00,8
2799,100.00,8
2812,100.00,8
2824,100.00,8
2837,80.00,8
2849,80.00,8
2862,80.00,8
2874,80.00,8
2887,80.00,8
2899,80.00,8
2912,80.00,8
2924,80.00,8
2937,100.00,8
2949,100.00,8
2960,100.00,8
2972,100.00,8
2984,100.00,8
2997,100.00,8
3009,100.00,8
3022,100.00,8
3034,100.00,8
3047,100.00,8
3060,100.00,8
3072,100.00,8
3085,100.00,8
3095,100.00,8
3108,100.00,8
3120,100.00,8
3133,100.00,7
3143,100.00,8
3156,100.00,8
3168,100.00,8
3180,100.00,8
3193,100.00,8
3204,100.00,8
3217,100.00,8
3229,100.00,8
3242,100.00,8
3253,100.00,8
3266,100.00,8
3278,100.00,8
3291,100.00,8
3303,100.00,8
3314,100.00,8
3327,100.00,8
3339,100.00,8
3352,100.00,8
3364,100.00,8
3377,100.00,8
3389,100.00,8
3402,100.00,8
3412,100.00,8
3425,100.00,8
3437,100.00,8
3450,100.00,8
3462,100.00,8
3475,100.00,8
3487,100.00,8
3500,100.00,8
3511,100.00,8
3523,100.00,8
3536,100.00,8
3548,100.00,8
3561,100.00,8
3572,100.00,8
3583,100.00,8
3596,100.00,8
3607,100.00,8
3618,100.00,8
3631,100.00,8
3643,100.00,8
3656,100.00,8
3668,100.00,8
3681,100.00,8
3693,100.00,8
3706,100.00,8
3718,100.00,8
3731,100.00,8
3743,100.00,8
3756,100.00,8
3768,100.00,8
3781,100.00,8
3793,100.00,8
3807,100.00,7
3819,100.00,8
3832,100.00,8
3844,100.00,8
3855,100.00,8
3868,100.00,8
3878,100.00,8
3890,100.00,8
3902,100.00,8
3915,100.00,8
3927,100.00,8
3939,100.00,8
3952,100.00,8
3964,100.00,8
3977,100.00,8
3989,100.00,8
4002,100.00,8
4012,100.00,8
4024,100.00,8
4036,100.00,8
4049,100.00,8
4061,100.00,8
4074,100.00,8
4086,100.00,8
4096,100.00,8
4108,100.00,8
4120,100.00,8
4132,100.00,8
4145,100.00,8
4157,100.00,8
4170,100.00,8
4182,100.00,8
4195,100.00,8
4207,100.00,8
4220,100.00,8
4232,100.00,8
4245,100.00,8
4257,100.00,8
4270,100.00,8
4283,100.00,8
4295,100.00,8
4307,100.00,8
4318,100.00,8
4330,100.00,8
4341,100.00,8
4353,100.00,8
4365,100.00,8
4375,100.00,8
4386,100.00,8
4398,100.00,8
4410,100.00,8
4423,100.00,8
4433,100.00,8
4445,100.00,8
4458,100.00,8
4470,100.00,8
4481,100.00,8
4494,100.00,8
4506,100.00,8
4519,100.00,8
4531,100.00,8
4543,100.00,8
4556,100.00,8
4568,100.00,8
4581,100.00,8
4591,100.00,8
4604,100.00,8
4615,100.00,8
4627,100.00,8
4639,100.00,8
4652,100.00,8
4663,100.00,8
4675,80.00,8
4687,80.00,8
4698,80.00,8
4711,80.00,8
4723,80.00,8
4736,80.00,8
4748,80.00,8
4761,80.00,8
4773,80.00,8
4786,80.00,8
4798,80.00,8
4811,80.00,8
4823,80.00,8
4836,80.00,8
4848,80.00,8
4861,80.00,8
4873,100.00,8
4886,100.00,8
4898,100.00,8
4911,100.00,8
4923,100.00,8
4936,100.00,8
4948,100.00,8
4961,100.00,8
4973,100.00,8
4985,100.00,8
4998,100.00,8
5008,100.00,8
5021,100.00,8
5033,100.00,8
5046,100.00,8
5056,100.00,7
5069,100.00,8
5081,100.00,8
5092,100.00,8
5103,100.00,8
5114,100.00,8
5126,100.00,8
5138,100.00,8
5151,100.00,8
5162,100.00,8
5174,100.00,8
5187,100.00,8
5198,100.00,8
5211,100.00,8
5223,100.00,8
5236,100.00,8
5249,100.00,8
5261,100.00,8
5272,100.00,8
5283,100.00,8
5295,100.00,8
5308,100.00,8
5319,100.00,8
5332,100.00,8
5343,100.00,8
5355,100.00,8
5366,100.00,8
5378,100.00,8
5391,100.00,8
5403,100.00,8
5416,100.00,8
5426,100.00,8
5436,100.00,8
5449,100.00,8
5461,100.00,8
5474,100.00,8
5486,100.00,8
5499,100.00,8
5511,100.00,8
5524,100.00,8
5537,100.00,8
5549,100.00,8
5561,100.00,8
5574,100.00,8
5586,100.00,8
5599,100.00,8
5611,100.00,8
5624,100.00,8
5637,100.00,8
5649,100.00,8
5662,100.00,8
5674,100.00,8
5687,100.00,8
5698,100.00,8
5711,100.00,8
5723,100.00,8
5736,100.00,8
5748,100.00,8
5761,100.00,8
5773,100.00,8
5786,100.00,8
5798,100.00,8
5811,100.00,8
5821,100.00,8
5833,100.00,8
5844,100.00,8
5857,100.00,8
5868,100.00,8
5880,100.00,8
5893,100.00,8
5905,100.00,8
5916,100.00,8
5928,100.00,8
5940,100.00,8
5952,100.00,8
5964,100.00,8
5977,100.00,8
5989,100.00,8
6001,100.00,8
6014,100.00,8
6026,80.00,8
6039,80.00,8
6051,80.00,8
6063,80.00,8
6076,80.00,8
6087,100.00,8
6100,100.00,8
6111,100.00,8
6123,100.00,8
6134,100.00,8
6146,100.00,8
6158,100.00,8
6169,100.00,7
6182,100.00,8
6194,100.00,8
6207,100.00,8
6218,100.00,8
6230,100.00,8
6240,100.00,8
6251,100.00,8
6261,100.00,8
6273,100.00,8
6286,100.00,8
6298,100.00,8
6309,100.00,8
6320,100.00,8
6331,100.00,8
6342,100.00,8
6353,100.00,8
6365,100.00,8
6377,100.00,8
6389,100.00,8
6401,100.00,8
6413,100.00,8
6425,100.00,8
6438,100.00,8
6448,100.00,8
6461,100.00,8
6474,100.00,8
6486,100.00,8
6498,100.00,8
6510,80.00,8
6521,80.00,8
6532,100.00,8
6545,100.00,8
6555,100.00,8
6568,100.00,8
6581,100.00,8
6593,100.00,8
6605,100.00,8
6618,100.00,8
6628,100.00,8
6641,100.00,8
6653,100.00,8
6663,100.00,8
6676,100.00,8
6688,100.00,8
6700,100.00,8
6712,100.00,8
6725,100.00,8
6736,100.00,8
6749,100.00,8
6762,100.00,8
6774,100.00,8
6785,100.00,8
6796,100.00,8
6808,100.00,8
6820,80.00,8
6832,80.00,8
6844,80.00,8
6857,80.00,8
6870,100.00,8
6882,100.00,8
6894,100.00,8
6906,100.00,8
6919,100.00,8
6932,100.00,8
6944,100.00,8
6956,100.00,8
6969,100.00,8
6980,100.00,8
6991,100.00,8
7003,100.00,8
7015,100.00,8
7027,100.00,8
7038,100.00,8
7048,100.00,8
7060,100.00,8
7071,100.00,8
7083,100.00,8
7094,100.00,8
7106,100.00,8
7119,100.00,8
7130,100.00,8
7140,100.00,8
7153,100.00,8
7165,100.00,8
7178,100.00,8
7190,100.00,8
7203,100.00,8
7215,100.00,8
7228,100.00,8
7240,100.00,8
7253,100.00,8
7265,100.00,8
7278,100.00,8
7289,100.00,8
7301,100.00,8
7313,100.00,8
7326,100.00,8
7338,100.00,8
7351,100.00,8
7361,100.00,8
7372,100.00,8
7384,100.00,8
7396,100.00,8
7409,100.00,8
7420,100.00,8
7432,100.00,8
7445,100.00,8
7456,100.00,8
7469,100.00,8
7482,100.00,8
7493,100.00,8
7506,100.00,8
7518,100.00,8
7530,100.00,8
7540,100.00,8
7553,100.00,8
7565,100.00,8
7577,100.00,8
7590,100.00,8
7601,100.00,8
7613,100.00,8
7626,100.00,8
7637,100.00,8
7649,100.00,8
7661,100.00,8
7674,100.00,8
7685,100.00,8
7698,100.00,8
7711,100.00,8
7723,100.00,8
7736,100.00,8
7748,100.00,8
7761,100.00,8
7773,100.00,8
7786,100.00,8
7798,100.00,8
7811,100.00,8
7823,100.00,8
7836,100.00,8
7848,100.00,8
7861,100.00,8
7873,100.00,8
7885,100.00,8
7898,100.00,8
7911,100.00,8
7923,100.00,8
7935,100.00,8
7948,100.00,8
7961,100.00,8
7973,100.00,8
7986,100.00,8
7998,100.00,8
8010,100.00,8
8022,100.00,8
8034,95.00,7
8044,100.00,8
8056,100.00,8
8068,100.00,8
8080,100.00,8
8093,100.00,8
8105,100.00,8
8118,100.00,8
8130,100.00,8
8143,80.00,8
8156,80.00,8
8166,100.00,8
8179,100.00,8
8191,100.00,8
8203,100.00,8
8215,100.00,8
8228,100.00,8
8240,100.00,8
8253,100.00,8
8265,100.00,8
8278,100.00,8
8290,100.00,8
8300,100.00,7
8313,100.00,8
8325,100.00,8
8338,100.00,8
8350,100.00,8
8363,100.00,8
8375,100.00,8
8388,100.00,8
8398,100.00,8
8410,100.00,8
8423,100.00,8
8436,100.00,8
8448,100.00,8
8461,100.00,8
8473,100.00,8
8486,100.00,8
8498,100.00,8
8510,100.00,8
8523,100.00,8
8535,100.00,8
8548,100.00,8
8560,100.00,8
8573,100.00,8
8586,100.00,8
8598,100.00,8
8610,100.00,8
8623,100.00,8
8636,100.00,8
8648,100.00,8
8661,100.00,8
8673,100.00,8
8686,100.00,8
8698,100.00,8
8710,95.00,7
8723,100.00,8
8735,100.00,8
8746,100.00,8
8757,100.00,8
8769,100.00,8
8781,100.00,8
8794,100.00,8
8806,100.00,8
8820,100.00,8
8831,100.00,8
8844,100.00,8
8856,100.00,8
8869,100.00,8
8881,100.00,8
8894,100.00,8
8906,100.00,8
8918,100.00,8
8931,100.00,8
8943,100.00,8
8956,100.00,8
8966,100.00,8
8978,100.00,8
8990,100.00,8
9003,100.00,8
9015,100.00,8
9027,100.00,8
9040,100.00,8
9052,100.00,8
9065,100.00,8
9077,100.00,8
9090,100.00,8
9102,100.00,8
9115,100.00,8
9127,100.00,8
9139,100.00,8
9151,100.00,8
9164,100.00,8
9175,100.00,8
9188,100.00,8
9200,100.00,8
9213,100.00,8
9225,100.00,8
9238,100.00,8
9251,100.00,8
9262,100.00,8
9274,100.00,8
9287,100.00,8
9298,100.00,8
9310,100.00,8
9323,100.00,8
9336,100.00,8
9348,100.00,8
9361,100.00,8
9373,100.00,8
9386,100.00,8
9398,100.00,8
9411,100.00,8
9423,100.00,8
9436,100.00,8
9448,100.00,8
9460,100.00,8
9473,100.00,8
9485,100.00,8
9498,100.00,8
9510,100.00,8
9523,100.00,8
9535,100.00,8
9548,100.00,8
9561,100.00,8
9573,100.00,8
9586,100.00,8
9598,100.00,8
9611,100.00,8
9623,100.00,8
9636,100.00,8
9648,100.00,8
9661,100.00,8
9673,100.00,8
9685,100.00,8
9698,100.00,8
9711,100.00,8
9723,100.00,8
9735,100.00,8
9748,100.00,8
9760,100.00,8
9773,100.00,8
9785,100.00,8
9798,100.00,8
9810,100.00,8
9823,100.00,8
9835,100.00,8
9848,100.00,8
9860,100.00,8
9873,100.00,8
9886,100.00,8
9898,100.00,8
9911,100.00,8
9923,100.00,8
9936,100.00,8
9948,100.00,8
9961,100.00,8
9973,100.00,8
9985,100.00,8
9998,100.00,8
10010,100.00,8
10022,100.00,8
10033,100.00,8
10044,100.00,8
10056,100.00,8
10069,100.00,8
10081,100.00,8
10092,100.00,8
10105,100.00,8
10116,100.00,8
10127,100.00,8
10140,100.00,8
10152,100.00,8
10165,100.00,8
10177,100.00,8
10190,100.00,8
10202,100.00,8
10215,100.00,8
10227,100.00,8
10240,100.00,8
10252,100.00,8
10265,100.00,8
10277,100.00,8
10290,100.00,8
10302,100.00,8
10315,100.00,8
10327,100.00,8
10340,100.00,8
10352,80.00,8
10365,80.00,8
10377,80.00,8
10390,100.00,8
10401,100.00,8
10413,100.00,8
10426,100.00,8
10438,100.00,8
10451,100.00,8
10462,100.00,8
10475,100.00,8
10487,100.00,8
10498,100.00,8
10510,100.00,8
10522,100.00,8
10533,100.00,8
10544,100.00,8
10556,100.00,8
10569,100.00,8
10582,100.00,8
10594,100.00,8
10607,100.00,8
10618,100.00,8
10631,100.00,8
10643,100.00,8
10653,100.00,8
10666,100.00,8
10677,100.00,8
10690,100.00,8
10702,100.00,8
10715,100.00,8
10727,100.00,8
10740,100.00,8
10752,100.00,8
10765,100.00,8
10777,100.00,8
10790,100.00,8
10802,100.00,8
10815,100.00,8
10830,100.00,8
10843,100.00,8
10855,100.00,8
10867,100.00,8
10880,100.00,8
10891,100.00,8
10903,100.00,8
10916,100.00,8
10928,100.00,8
10941,100.00,8
10953,100.00,8
10965,100.00,8
10977,100.00,8
10990,100.00,8
11002,100.00,8
11015,100.00,8
11027,100.00,8
11040,100.00,8
11052,100.00,8
11065,100.00,8
11077,100.00,8
11090,100.00,8
11102,100.00,8
11115,100.00,8
11125,100.00,8
11135,80.00,8
11148,80.00,8
11160,100.00,8
11173,100.00,8
11185,100.00,8
11198,100.00,8
11210,100.00,8
11223,100.00,8
11236,100.00,8
11248,100.00,8
11260,100.00,8
11273,100.00,8
11285,100.00,8
11298,100.00,8
11311,100.00,8
11323,100.00,8
11335,100.00,8
11348,100.00,8
11360,100.00,8
11373,100.00,8
11386,100.00,8
11398,100.00,8
11411,100.00,8
11421,100.00,8
11433,100.00,8
11446,100.00,8
11458,100.00,8
11471,100.00,8
11483,100.00,8
11493,100.00,8
11506,100.00,8
11519,100.00,8
11531,100.00,8
11544,100.00,8
11556,100.00,8
11569,100.00,8
11581,100.00,8
11594,100.00,8
11606,100.00,8
11618,100.00,8
11631,100.00,8
11642,100.00,8
11655,100.00,8
11667,100.00,8
11680,100.00,8
11690,100.00,8
11702,100.00,8
11715,100.00,8
11727,100.00,8
11740,100.00,8
11752,100.00,8
11765,100.00,8
11777,100.00,8
11790,80.00,8
11802,80.00,8
11815,80.00,8
11827,80.00,8
11840,100.00,8
11852,100.00,8
11865,100.00,8
11877,100.00,8
11890,100.00,8
11900,100.00,8
11911,100.00,8
11924,100.00,8
11935,100.00,8
11948,100.00,8
11960,100.00,8
11973,100.00,8
11985,100.00,8
11998,100.00,8
12010,100.00,8
12022,100.00,8
12033,100.00,8
12045,100.00,8
12057,100.00,8
12069,100.00,8
12081,100.00,8
12094,100.00,8
12106,100.00,8
12119,100.00,8
12132,100.00,8
12144,100.00,8
12157,100.00,8
12169,100.00,8
12182,100.00,8
12194,100.00,8
12207,100.00,8
12219,100.00,8
12231,100.00,8
12244,100.00,8
12254,100.00,8
12266,100.00,8
12278,100.00,8
12291,100.00,7
12303,100.00,8
12316,100.00,8
12328,100.00,8
12340,100.00,8
12352,100.00,8
12365,100.00,8
12377,100.00,8
12390,100.00,8
12402,100.00,8
12415,100.00,8
12427,100.00,8
12440,100.00,8
12452,100.00,8
12465,100.00,8
12477,100.00,8
12490,100.00,8
12502,100.00,8
12515,100.00,8
12525,100.00,8
12537,100.00,8
12549,100.00,8
12562,100.00,8
12573,100.00,8
12585,100.00,8
12598,100.00,8
12611,100.00,8
12623,100.00,8
12635,100.00,8
12646,100.00,8
12658,100.00,8
12671,100.00,8
12682,100.00,8
12694,100.00,8
12706,100.00,8
12719,100.00,8
12730,100.00,8
12743,100.00,8
12755,100.00,8
12768,100.00,8
12780,100.00,8
12793,100.00,8
12805,100.00,8
12816,100.00,8
12829,100.00,8
12841,100.00,8
12854,100.00,8
12866,100.00,8
12878,100.00,8
12890,100.00,8
12902,100.00,8
12915,100.00,8
12927,100.00,8
12940,100.00,8
12952,100.00,8
12965,100.00,8
12977,100.00,8
12990,100.00,8
13002,100.00,8
13015,100.00,8
13027,100.00,8
13040,100.00,8
13052,100.00,8
13065,100.00,8
13078,100.00,8
13090,100.00,8
13102,100.00,8
13115,100.00,8
13127,100.00,8
13140,100.00,8
13150,100.00,8
13163,100.00,8
13176,100.00,8
13188,100.00,8
13199,100.00,8
13211,100.00,8
13224,100.00,8
13236,100.00,8
13249,100.00,8
13261,100.00,8
13273,100.00,8
13286,100.00,8
13297,100.00,8
13308,100.00,8
13319,100.00,8
13331,100.00,8
13344,100.00,8
13356,100.00,8
13369,100.00,8
13381,100.00,8
13394,100.00,8
13407,100.00,8
13419,100.00,8
13432,100.00,8
13444,100.00,8
13457,100.00,8
13469,100.00,8
13481,100.00,8
13494,100.00,8
13506,100.00,8
13518,100.00,8
13529,100.00,8
13541,100.00,8
13552,100.00,8
13563,80.00,8
13575,80.00,8
13588,100.00,8
13600,100.00,8
13612,100.00,8
13624,100.00,8
13637,100.00,8
13650,100.00,8
13662,100.00,8
13674,100.00,8
13687,100.00,8
13700,100.00,8
13712,100.00,8
13724,100.00,8
13737,100.00,8
13750,100.00,8
13760,100.00,8
13773,100.00,8
13785,100.00,8
13798,100.00,8
13810,100.00,8
13823,100.00,8
13835,100.00,8
13848,100.00,8
13860,100.00,8
13873,100.00,8
13885,100.00,8
13898,100.00,8
13910,100.00,8
13922,100.00,8
13935,100.00,8
13948,100.00,8
13958,100.00,8
13970,80.00,8
13982,80.00,8
13994,80.00,8
14006,80.00,8
14019,80.00,8
14031,100.00,8
14044,100.00,8
14055,100.00,8
14068,100.00,8
14081,100.00,8
14093,100.00,8
14106,100.00,8
14118,100.00,8
14131,100.00,8
14143,100.00,8
14156,100.00,8
14167,100.00,8
14180,100.00,8
14192,100.00,8
14205,100.00,8
14215,100.00,8
14227,100.00,8
14240,100.00,8
14252,100.00,8
14265,100.00,8
14277,100.00,8
14290,100.00,8
14302,100.00,8
14315,100.00,8
14327,100.00,8
14340,100.00,8
14352,100.00,8
14363,100.00,8
14374,100.00,8
14386,100.00,8
14399,100.00,8
14411,100.00,8
14422,100.00,8
14433,100.00,8
14444,100.00,8
14457,100.00,8
14469,100.00,8
14481,100.00,8
14494,100.00,8
14506,100.00,8
14519,100.00,8
14531,100.00,8
14544,100.00,8
14556,100.00,8
14569,100.00,8
14581,100.00,8
14594,100.00,8
14607,100.00,8
14619,100.00,8
14631,100.00,8
14644,100.00,8
14656,100.00,8
14668,100.00,8
14681,100.00,8
14691,100.00,8
14704,100.00,8
14715,100.00,8
14726,100.00,8
14739,100.00,8
14751,100.00,8
14764,100.00,8
14776,100.00,8
14789,100.00,8
14799,100.00,8
14812,100.00,8
14822,100.00,8
14833,100.00,8
14845,100.00,8
14857,100.00,8
14870,100.00,8
14882,100.00,8
14895,100.00,8
14906,100.00,8
14919,100.00,8
14932,100.00,8
14944,100.00,8
14956,100.00,8
14969,100.00,8
14981,100.00,8
14993,100.00,8
15006,100.00,8
15019,100.00,8
15031,100.00,8
15044,100.00,8
15056,100.00,8
15069,100.00,8
15081,100.00,8
15094,100.00,8
15105,100.00,8
15117,100.00,8
15130,100.00,8
15143,100.00,8
15157,100.00,8
15169,100.00,8
15181,100.00,8
15194,100.00,8
15206,100.00,8
15219,100.00,8
15231,100.00,8
15244,100.00,8
15256,100.00,8
15269,100.00,8
15281,100.00,8
15292,100.00,8
15305,100.00,8
15317,100.00,8
15329,100.00,8
15340,100.00,8
15352,100.00,8
15365,100.00,8
15377,100.00,8
15390,100.00,8
15402,100.00,8
15415,100.00,8
15428,100.00,8
15440,100.00,8
15453,100.00,8
15465,100.00,8
15477,100.00,8
15490,100.00,8
15502,100.00,8
15514,100.00,8
15526,100.00,8
15537,100.00,8
15550,100.00,7
15562,100.00,8
15575,100.00,8
15585,100.00,8
15598,100.00,8
15610,100.00,8
15623,100.00,8
15636,100.00,8
15648,100.00,8
15660,100.00,8
15673,100.00,8
15685,100.00,8
15698,100.00,8
15710,100.00,8
15723,100.00,8
15735,100.00,8
15748,100.00,8
15760,100.00,8
15773,100.00,8
15786,100.00,8
15798,100.00,8
15811,100.00,8
15823,100.00,8
15835,100.00,8
15848,100.00,8
15861,100.00,8
15873,100.00,8
15886,100.00,8
15898,100.00,8
15911,100.00,8
15923,100.00,8
15936,100.00,8
15948,100.00,8
15960,100.00,8
15973,100.00,8
15985,100.00,8
15998,100.00,8
16010,100.00,8
16021,100.00,8
16032,100.00,8
16045,100.00,8
16056,100.00,8
16069,100.00,8
16081,100.00,8
16094,100.00,8
16106,100.00,8
16119,100.00,8
16132,100.00,8
16144,100.00,8
16157,100.00,8
16169,100.00,8
16182,100.00,8
16194,100.00,8
16207,100.00,8
16219,100.00,8
16231,100.00,8
16243,100.00,8
16256,100.00,8
16269,100.00,8
16279,100.00,8
16292,100.00,8
16304,100.00,8
16316,100.00,8
16328,100.00,8
16341,100.00,8
16353,100.00,8
16366,100.00,8
16378,100.00,8
16391,100.00,8
16403,100.00,8
16416,100.00,8
16428,100.00,8
16441,100.00,8
16453,100.00,8
16464,100.00,8
16476,100.00,8
16487,100.00,8
16500,100.00,8
16510,100.00,8
16523,100.00,8
16535,100.00,8
16548,100.00,8
16560,100.00,8
16573,100.00,8
16586,100.00,8
16598,100.00,8
16611,100.00,8
16623,100.00,8
16636,100.00,8
16648,100.00,8
16661,100.00,8
16673,100.00,8
16685,100.00,8
16698,100.00,8
16710,100.00,8
16723,100.00,8
16735,100.00,8
16748,100.00,8
16761,100.00,8
16773,100.00,8
16786,100.00,8
16798,100.00,8
16811,100.00,8
16823,100.00,8
16836,100.00,8
16848,100.00,8
16861,100.00,8
16873,100.00,8
16886,100.00,8
16898,100.00,8
16911,100.00,8
16923,100.00,8
16936,100.00,8
16948,100.00,8
16961,100.00,8
16974,100.00,8
16986,100.00,8
16998,100.00,8
17010,100.00,8
17023,100.00,8
17035,100.00,8
17048,100.00,8
17061,100.00,8
17073,100.00,8
17085,70.00,7
17098,80.00,8
17110,80.00,8
17123,80.00,8
17135,80.00,8
17148,80.00,8
17161,80.00,8
17173,80.00,8
17186,80.00,8
17198,80.00,8
17210,80.00,8
17223,80.00,8
17236,80.00,8
17248,80.00,8
17260,80.00,8
17273,80.00,8
17285,100.00,8
17298,100.00,8
17310,100.00,8
17323,100.00,8
17334,100.00,7
17347,100.00,8
17359,100.00,8
17372,100.00,8
17384,100.00,8
17395,100.00,8
17407,100.00,8
17419,100.00,8
17431,100.00,8
17444,100.00,8
17456,100.00,8
17469,100.00,8
17482,100.00,8
17494,100.00,8
17507,100.00,8
17519,100.00,8
17531,100.00,8
17544,100.00,8
17556,100.00,8
17569,100.00,8
17581,100.00,8
17594,100.00,8
17606,100.00,8
17619,100.00,8
17631,100.00,8
17644,100.00,8
17656,100.00,8
17669,100.00,8
17681,100.00,8
17692,100.00,8
17705,100.00,8
17717,100.00,8
17727,100.00,8
17740,100.00,8
17752,100.00,8
17765,100.00,8
17777,100.00,8
17790,100.00,8
17802,100.00,8
17815,100.00,8
17825,100.00,8
17837,100.00,8
17849,100.00,8
17861,100.00,8
17874,100.00,8
17887,100.00,8
17898,100.00,8
17910,100.00,8
17923,100.00,8
17933,100.00,8
17944,100.00,8
17956,100.00,8
17969,100.00,8
17981,100.00,8
17994,100.00,8
18006,100.00,8
18019,100.00,8
18032,100.00,8
18044,100.00,8
18056,100.00,8
18069,100.00,8
18081,100.00,8
18094,100.00,8
18106,100.00,8
18119,100.00,8
18131,100.00,8
18144,100.00,8
18156,100.00,8
18168,100.00,8
18181,100.00,8
18191,100.00,8
18204,100.00,8
18216,80.00,8
18229,80.00,8
18241,100.00,8
18252,100.00,8
18265,100.00,8
18276,100.00,8
18288,100.00,8
18298,100.00,8
18311,100.00,8
18324,100.00,8
18336,100.00,8
18348,100.00,8
18360,100.00,8
18373,100.00,8
18386,100.00,8
18398,100.00,8
18410,100.00,8
18423,100.00,8
18436,100.00,8
18448,100.00,7
18458,100.00,8
18470,100.00,8
18482,100.00,8
18495,100.00,8
18507,100.00,8
18519,100.00,8
18531,100.00,8
18543,100.00,8
18556,100.00,8
18567,100.00,8
18580,100.00,8
18591,100.00,8
18604,100.00,8
18616,100.00,8
18629,100.00,8
18641,100.00,8
18654,100.00,8
18666,100.00,8
18678,100.00,8
18691,100.00,8
18703,100.00,8
18716,100.00,8
18727,100.00,8
18740,100.00,8
18752,100.00,8
18765,100.00,8
18777,80.00,8
18790,80.00,8
18802,80.00,8
18813,80.00,8
18825,80.00,8
18836,80.00,8
18848,80.00,8
18860,80.00,8
18873,80.00,8
18886,80.00,8
18898,80.00,8
18910,80.00,8
18923,100.00,8
18936,100.00,8
18948,100.00,8
18958,100.00,8
18971,100.00,8
18983,100.00,8
18994,100.00,8
19006,100.00,8
19019,100.00,8
19031,100.00,8
19044,100.00,8
19056,100.00,8
19068,100.00,8
19081,100.00,8
19092,100.00,8
19105,100.00,8
19118,100.00,8
19130,80.00,8
19143,80.00,8
19155,80.00,8
19166,80.00,8
19179,80.00,8
19191,100.00,8
19203,100.00,8
19216,100.00,8
19228,100.00,8
19241,100.00,8
19253,100.00,8
19265,100.00,8
19277,100.00,8
19290,100.00,8
19302,100.00,8
19314,100.00,8
19326,100.00,8
19336,100.00,8
19349,100.00,8
19360,100.00,8
19373,100.00,8
19385,100.00,8
19397,100.00,8
19410,100.00,8
19422,100.00,8
19435,100.00,8
19447,100.00,8
19460,100.00,8
19472,100.00,8
19482,100.00,8
19494,100.00,8
19506,100.00,8
19519,100.00,8
19531,100.00,8
19544,100.00,8
19556,100.00,8
19569,100.00,8
19581,100.00,8
19594,100.00,8
19606,100.00,8
19618,100.00,8
19631,100.00,8
19644,100.00,8
19656,100.00,8
19669,100.00,8
19681,100.00,8
19694,100.00,8
19706,100.00,8
19719,100.00,8
19731,100.00,8
19744,80.00,8
19756,80.00,8
19768,80.00,8
19780,80.00,8
19791,80.00,8
19803,80.00,8
19815,80.00,8
19827,80.00,8
19840,80.00,8
19852,80.00,8
19865,80.00,8
19877,80.00,8
19890,100.00,8
19903,100.00,8
19915,100.00,8
19927,100.00,8
19940,100.00,8
19952,100.00,8
19965,100.00,8
19975,100.00,8
19988,100.00,8
20001,100.00,8
20011,100.00,8
20023,100.00,8
20036,100.00,8
20048,100.00,8
20061,100.00,8
20073,100.00,8
20086,80.00,8
20098,80.00,8
20110,80.00,8
20123,80.00,8
20136,80.00,8
20147,100.00,8
20160,100.00,8
20173,100.00,8
20185,100.00,8
20198,100.00,8
20208,100.00,8
20219,100.00,8
20230,100.00,8
20243,100.00,8
20255,100.00,8
20268,100.00,8
20279,100.00,8
20292,100.00,8
20304,100.00,8
20316,100.00,8
20329,100.00,8
20341,100.00,8
20354,100.00,8
20366,100.00,8
20379,100.00,8
20391,100.00,8
20403,100.00,8
20415,100.00,8
20427,100.00,8
20440,100.00,8
20452,100.00,8
20465,100.00,8
20478,100.00,8
20490,100.00,8
20503,100.00,8
20515,100.00,8
20528,100.00,8
20540,100.00,8
20553,100.00,8
20565,100.00,8
20577,100.00,8
20590,100.00,8
20602,100.00,8
20615,100.00,8
20627,100.00,8
20640,100.00,8
20652,100.00,8
20665,100.00,8
20677,100.00,8
20690,100.00,8
20702,100.00,8
20715,100.00,8
20727,100.00,8
20740,100.00,8
20751,100.00,8
20762,100.00,8
20773,100.00,8
20785,100.00,8
20798,100.00,8
20810,100.00,8
20821,100.00,8
20832,100.00,8
20844,100.00,8
20856,100.00,8
20869,100.00,8
20881,100.00,8
20894,100.00,8
20906,100.00,8
20919,100.00,8
20931,100.00,8
20944,100.00,8
20956,100.00,8
20969,100.00,8
20981,100.00,8
20994,100.00,8
21007,100.00,8
21019,100.00,8
21031,100.00,8
21041,100.00,8
21054,100.00,8
21065,100.00,8
21077,100.00,8
21090,100.00,8
21102,100.00,8
21115,100.00,8
21127,100.00,8
21140,100.00,8
21152,100.00,8
21165,100.00,8
21177,100.00,8
21190,100.00,8
21202,100.00,8
21215,100.00,8
21227,100.00,8
21240,100.00,8
21252,100.00,8
21265,100.00,8
21277,100.00,8
21290,100.00,8
21302,100.00,8
21313,100.00,8
21326,100.00,8
21336,100.00,8
21348,100.00,8
21361,100.00,8
21373,100.00,8
21386,100.00,8
21398,100.00,8
21411,100.00,8
21423,100.00,8
21436,100.00,8
21448,100.00,8
21461,100.00,8
21473,100.00,8
21484,100.00,8
21497,100.00,8
21510,100.00,8
21522,100.00,8
21535,100.00,8
21547,100.00,8
21560,100.00,8
21572,100.00,8
21585,100.00,8
21598,100.00,8
21610,100.00,8
21622,100.00,8
21635,100.00,8
21647,100.00,8
21660,100.00,8
21672,100.00,8
21685,100.00,8
21697,100.00,8
21708,100.00,8
21720,100.00,8
21732,100.00,8
21743,100.00,8
21756,100.00,8
21766,100.00,8
21779,100.00,8
21791,100.00,8
21804,100.00,8
21816,100.00,8
21828,100.00,8
21840,100.00,8
21851,100.00,8
21861,100.00,8
21874,100.00,8
21885,100.00,8
21897,100.00,8
21909,100.00,8
21920,100.00,8
21931,100.00,8
21944,100.00,8
21956,100.00,8
21968,100.00,8
21980,100.00,8
21991,100.00,8
22004,100.00,8
22016,100.00,8
22029,100.00,8
22039,100.00,8
22052,100.00,8
22064,100.00,8
22077,100.00,8
22089,100.00,8
22102,100.00,8
22113,100.00,7
22125,100.00,8
22138,100.00,8
22151,100.00,8
22163,100.00,8
22176,100.00,8
22188,100.00,8
22201,100.00,8
22213,100.00,8
22225,100.00,8
22237,100.00,8
22250,100.00,8
22263,100.00,8
22275,100.00,8
22286,100.00,8
22299,100.00,8
22310,100.00,8
22323,100.00,8
22335,100.00,8
22348,100.00,8
22360,100.00,8
22371,100.00,8
22383,100.00,8
22396,100.00,8
22408,100.00,8
22421,100.00,8
22433,100.00,8
22446,100.00,8
22458,100.00,8
22471,100.00,8
22483,100.00,8
22495,100.00,8
22507,100.00,8
22519,100.00,8
22531,100.00,8
22544,100.00,8
22554,100.00,8
22566,100.00,8
22579,100.00,8
22591,100.00,8
22604,100.00,8
22616,100.00,8
22629,100.00,8
22641,100.00,8
22654,100.00,8
22665,100.00,8
22678,100.00,8
22690,100.00,8
22702,100.00,8
22715,100.00,8
22727,100.00,8
22739,100.00,8
22752,100.00,8
22765,100.00,8
22777,100.00,8
22790,100.00,8
22802,80.00,8
22814,80.00,8
22827,80.00,8
22839,80.00,8
22852,80.00,8
22865,80.00,8
22877,80.00,8
22890,80.00,8
22902,80.00,8
22915,80.00,8
22927,80.00,8
22940,80.00,8
22952,80.00,8
22964,80.00,8
22977,80.00,8
22990,80.00,8
23002,100.00,8
23013,100.00,8
23024,100.00,8
23036,100.00,8
23049,100.00,8
23061,100.00,8
23073,100.00,8
23084,100.00,8
23096,100.00,8
23109,100.00,8
23121,100.00,8
23133,100.00,8
23145,100.00,8
23158,100.00,8
23170,100.00,8
23183,100.00,8
23195,100.00,8
23207,100.00,8
23220,100.00,8
23232,100.00,8
23243,100.00,8
23255,100.00,8
23266,100.00,8
23278,100.00,8
23290,100.00,8
23302,100.00,8
23314,100.00,8
23325,100.00,8
23338,100.00,8
23350,100.00,8
23361,100.00,8
23374,100.00,8
23386,100.00,8
23399,100.00,8
23412,100.00,8
23424,100.00,8
23437,100.00,8
23449,100.00,8
23462,100.00,8
23473,100.00,8
23485,100.00,8
23498,100.00,8
23510,100.00,8
23522,100.00,8
23534,100.00,8
23547,100.00,8
23559,100.00,8
23570,100.00,8
23583,100.00,8
23594,100.00,8
23606,100.00,8
23619,80.00,8
23631,80.00,8
23644,80.00,8
23656,80.00,8
23669,80.00,8
23680,80.00,8
23692,80.00,8
23705,80.00,8
23715,80.00,8
23727,80.00,8
23740,80.00,8
23752,80.00,8
23764,100.00,8
23777,100.00,8
23789,100.00,8
23802,100.00,8
23815,100.00,8
23827,100.00,8
23839,100.00,8
23852,100.00,8
23865,100.00,8
23877,100.00,8
23890,100.00,8
23902,100.00,8
23915,100.00,8
23925,100.00,7
23938,100.00,8
23950,100.00,8
23962,100.00,8
23974,100.00,8
23987,100.00,8
23998,100.00,8
24010,100.00,8
24023,100.00,8
24033,100.00,8
24044,100.00,8
24055,100.00,8
24068,100.00,8
24080,100.00,8
24093,100.00,8
24105,100.00,8
24118,100.00,8
24130,100.00,8
24143,100.00,8
24155,100.00,8
24166,100.00,8
24179,100.00,8
24190,100.00,8
24203,100.00,8
24213,100.00,8
24225,100.00,8
24238,100.00,8
24250,100.00,8
24263,100.00,8
24275,100.00,8
24287,100.00,8
24298,100.00,8
24309,100.00,8
24321,100.00,8
24333,100.00,8
24346,100.00,8
24358,100.00,8
24370,100.00,8
24382,100.00,8
24395,100.00,8
24407,100.00,8
24420,100.00,8
24432,100.00,8
24445,100.00,8
24457,100.00,8
24470,100.00,8
24482,100.00,8
24495,100.00,8
24508,100.00,8
24519,100.00,8
24529,100.00,8
24541,100.00,8
24554,100.00,8
24566,100.00,8
24579,100.00,8
24591,100.00,8
24604,100.00,7
24616,100.00,8
24629,100.00,8
24641,100.00,8
24652,100.00,8
24664,100.00,8
24677,100.00,8
24689,100.00,8
24702,100.00,8
24715,100.00,8
24727,100.00,8
24740,100.00,8
24752,100.00,8
24765,100.00,8
24777,100.00,8
24790,100.00,8
24802,100.00,8
24815,100.00,8
24828,100.00,8
24840,100.00,8
24853,100.00,8
24866,100.00,8
24878,100.00,8
24891,100.00,8
24903,100.00,8
24916,100.00,8
24928,100.00,8
24940,100.00,8
24952,100.00,8
24965,100.00,8
24977,100.00,8
24990,100.00,8
25002,100.00,8
25015,100.00,8
25027,100.00,8
25037,100.00,8
25050,100.00,8
25063,100.00,8
25075,100.00,8
25088,100.00,8
25099,100.00,8
25112,100.00,8
25125,100.00,8
25135,100.00,8
25148,100.00,8
25160,100.00,8
25173,100.00,8
25185,100.00,8
25198,100.00,8
25210,100.00,8
25223,100.00,8
25235,100.00,8
25248,100.00,8
25260,100.00,8
25273,100.00,8
25285,100.00,8
25298,100.00,8
25311,100.00,8
25323,100.00,8
25335,100.00,8
25348,100.00,8
25361,100.00,8
25373,100.00,8
25386,100.00,8
25398,100.00,8
25410,100.00,8
25423,100.00,8
25435,100.00,8
25448,100.00,8
25461,100.00,8
25473,100.00,8
25485,100.00,8
25498,100.00,8
25510,100.00,7
25521,100.00,7
25533,100.00,7
25545,100.00,7
25555,100.00,6
25566,100.00,6
25578,100.00,6
25588,100.00,5
25599,100.00,4
25609,100.00,4
25619,100.00,4
25629,100.00,3
25641,100.00,3
25652,35.00,1
25663,35.00,1
25674,35.00,1
25684,0.00,0
25697,0.00,0
